"{""name"":""假酒呜米"",""date"":""2022-06-22"",""maintainer"":[{""name"":""炎夏型亚泽"",""uid"":438229859}],""info"":""不疯的歌我不收"",""color"":""#cd2335""}","{""name"":""咩阿栗的小甜曲"",""date"":""2022-06-13"",""maintainer"":[{""name"":""特斯拉309"",""uid"":9420577}],""info"":"""",""color"":""#128feb""}","{""name"":""呜米唱的日v曲精选"",""date"":""2022-06-21"",""maintainer"":[{""name"":""呜米小姐的吃饭小虎牙"",""uid"":1818479062}],""info"":""燃！炸！帅！"",""color"":""#cd2335""}","{""name"":""咩阿栗唱的古风歌"",""date"":""2022-04-02"",""maintainer"":[{""name"":""咩咩的三叉戟"",""uid"":320278333}],""info"":"""",""color"":""#128feb""}","{""name"":""苦情呜米"",""date"":""2022-03-04"",""maintainer"":[{""name"":""半步灬青莲"",""uid"":173985337}],""info"":"""",""color"":""#cd2335""}","{""name"":""不唠嗑，纯唱歌"",""date"":""2022-06-13"",""maintainer"":[{""name"":""枺芙"",""uid"":545133496}],""info"":"""",""color"":""#cd2335""}","{""name"":""三叉戟的精修歌单"",""date"":""2022-02-11"",""maintainer"":[{""name"":""咩咩的三叉戟"",""uid"":320278333}],""info"":"""",""color"":""#bb50b1""}","{""name"":""枺芙的精修歌单"",""date"":""2022-04-09"",""maintainer"":[{""name"":""枺芙"",""uid"":545133496}],""info"":"""",""color"":""#bb50b1""}","{""name"":""温梦的精修歌单"",""date"":""2022-03-04"",""maintainer"":[{""name"":""温梦未醒"",""uid"":1575399407}],""info"":"""",""color"":""#bb50b1""}"
U03430,U01501,U03439,U02979,U01467,U02596,U02838,U02847,U02578
U03419,U03381,U03432,U01815,U01448,U02597,U02839,U00183,U02621
U03305,U02636,U03410,U01816,U00406,U02598,U01504,U01081,U02628
U03437,U02632,U03391,U02966,U00405,U02599,U01533,U00492,U02630
U03195,U02578,U03113,U02628,U00334,U02601,U01655,U00277,U02633
U03160,U02720,U03044,U02594,U00324,U02604,U01663,U00147,U01906
U03146,U02708,U03005,U02731,U00292,U02605,U01816,U01187,U01964
U03136,U02709,U02984,U02729,U00271,U01707,U01896,U00848,U01983
U03133,U02766,U02940,U02489,U00270,U01692,U01897,U01744,
U03132,U01736,U02939,U02993,U00199,U01491,U01933,U01724,
U03011,U01906,U02929,U01996,U00198,U00406,U01934,U01712,
U03005,U01953,U02927,U02326,U00164,U00405,U01967,U01451,
U02999,U01503,U02891,U01653,U00154,U00398,U01995,U01709,
U02927,U02089,U02654,U02107,U00153,U00374,U02489,U00088,
U02918,U02096,U01782,U02113,U00150,U00313,U02571,U00073,
U02912,U02148,U01777,U02125,U00116,U00310,U02563,U00358,
U02794,U03207,U01699,U02478,U00107,U00288,U02572,U01271,
U02654,U03150,U01696,U02477,U00084,U00284,U02573,U00386,
U02614,U03098,U01667,U02106,U00073,U00274,U02574,U00396,
U01806,U03078,U01570,U02253,U00053,U00271,U02575,U00002,
U01795,U02905,U01550,U02230,U00052,U00248,U02645,U01697,
U01789,U02903,U01495,,U00045,U00208,U02584,U00360,
U01750,U02874,U01453,,U01273,U00197,U02592,U00345,
U01711,U02863,U00393,,U01255,U00183,U02594,U00350,
U01568,U02840,U00368,,U01177,U00179,U02177,U01557,
U01555,U02831,U00359,,U01123,U00176,U02953,U00325,
U01488,U02705,U00285,,U01100,U00174,U02956,U01673,
U00388,U01855,U00284,,U01091,U00142,U02966,U00391,
U00367,U01862,U00269,,U01388,U00124,U02957,U00057,
U00364,U01518,U00174,,U01036,U00116,U02730,U01574,
U00340,U01947,U00110,,U01021,U00114,,U01549,
U00339,U01962,U00091,,U01005,U00113,,U01453,
U00313,U01974,U00041,,U01000,U00090,,U00373,
U00309,U01986,U00038,,U00980,U00039,,U00328,
U00308,U02006,U00036,,U02553,U01309,,U00071,
U00306,U02002,U00030,,U02554,U01307,,U01469,
U00337,U02001,U00003,,U02558,U01285,,U01556,
U03154,U02090,U01301,,U01786,U01284,,U00092,
U02939,U02082,U01276,,U01784,U01283,,U00052,
U02916,U02126,U01226,,U02606,U01281,,U00372,
U00261,U02138,U01446,,U02599,U01279,,U00375,
U00257,U02228,U01200,,U02597,U01276,,U00091,
U00215,U02384,U01196,,U02596,U01275,,U01669,
U00207,U02409,U01177,,U02559,U01274,,U00354,
U00188,U02433,U01164,,U01747,U01273,,U01666,
U00096,U02432,U01431,,U01742,U01272,,U01467,
U00094,U02431,U01159,,U01723,U01271,,U00115,
U00090,U02441,U01131,,U01772,U01269,,U00353,
U00034,U02469,U01127,,U01768,U01268,,U01499,
U01252,U02716,U01125,,U01717,U01267,,U01573,
U01251,,U01407,,U01704,U01266,,U01572,
U01235,,U01406,,U01556,U01265,,U01667,
U01232,,U01405,,U01552,U01264,,U00051,
U01231,,U01402,,U01549,U01263,,U01671,
U01227,,U01400,,U01457,U01250,,U01498,
U01114,,U01394,,U00375,U01214,,U00008,
U01411,,U01387,,U00374,U01443,,U01548,
U01410,,U01385,,U00294,U01213,,U00335,
U03257,,U01059,,U00274,U01211,,U01561,
U00950,,U01056,,U00252,U01209,,U01554,
U00890,,U00997,,,U01205,,U02604,
U01483,,U00994,,,U01198,,U02790,
U02520,,U00993,,,U01195,,U02799,
U00816,,U00992,,,U01437,,U02802,
U01323,,U00991,,,U01191,,U02803,
U00757,,U00990,,,U01189,,U03016,
U01462,,U00989,,,U01186,,,
U00692,,U00988,,,U01180,,,
U00688,,U00987,,,U01179,,,
U00678,,U00986,,,U01177,,,
U00676,,U00985,,,U01171,,,
U00655,,U00984,,,U01433,,,
U00650,,U00983,,,U01432,,,
U00561,,U00982,,,U01164,,,
U00557,,U00981,,,U01426,,,
U00529,,U00964,,,U01162,,,
U00460,,U01377,,,U01159,,,
U00443,,U00912,,,U01158,,,
U00440,,U00910,,,U01421,,,
U03341,,U00896,,,U01136,,,
,,U00889,,,U01128,,,
,,U00856,,,U01127,,,
,,U01354,,,U01123,,,
,,U00805,,,U01413,,,
,,U00800,,,U01119,,,
,,U00798,,,U01406,,,
,,U00792,,,U01404,,,
,,U00760,,,U01403,,,
,,U00703,,,U01402,,,
,,U00644,,,U01103,,,
,,U00641,,,U01087,,,
,,U00565,,,U01395,,,
,,U00550,,,U01393,,,
,,U00548,,,U01084,,,
,,U00533,,,U01078,,,
,,U00529,,,U01075,,,
,,U00526,,,U01072,,,
,,U00521,,,U01071,,,
,,U00520,,,U01070,,,
,,U00518,,,U01069,,,
,,U00516,,,U01059,,,
,,U00514,,,U01056,,,
,,U00466,,,U01040,,,
,,U00452,,,U01025,,,
,,U00443,,,U01024,,,
,,U00440,,,U01021,,,
,,U00438,,,U01014,,,
,,U00435,,,U01011,,,
,,U00424,,,U01006,,,
,,U00420,,,U01005,,,
,,U00417,,,U01004,,,
,,U00781,,,U01003,,,
,,,,,U01000,,,
,,,,,U01382,,,
,,,,,U00989,,,
,,,,,U00986,,,
,,,,,U00981,,,
,,,,,U00973,,,
,,,,,U00968,,,
,,,,,U00961,,,
,,,,,U00955,,,
,,,,,U01466,,,
,,,,,U00943,,,
,,,,,U00935,,,
,,,,,U00933,,,
